path,bytes,sha256,runtime_required
game/assets/.gitkeep,1,01ba4719c80b6fe911b091a7c05124b64eeece964e09c058ef8f9805daca546b,false
game/assets/audio/music/Acknowledgements.txt,252,504f6eb9b66d079e702727e145df1be8a8995fb8cffa356fdb091982c8e49dd8,false
game/assets/audio/music/goblins_dance.wav,13930648,b18017830528962b170007b402550cf1f8da1d1a95e0f290ea6155108aa6dce4,false
game/assets/audio/music/goblins_den.wav,15241696,ea8490bdfd64a0bf082242472a2b8a1162948f106567f313aa97c467b4ce59f9,false
game/assets/audio/music/Licensing.txt,295,0bdee340d19c95cb738cefeba4b580e138c65c4dc4c91903030c1e8fe1e8c142,false
game/assets/audio/music/optimized/goblins_dance.ogg,815730,2e42857ce1ee591266c11df9f44354e7f2defc27a5b59f16e621892b7218b24d,true
game/assets/audio/music/optimized/goblins_den.ogg,879455,65d198ae5aa1e0742decc2a3a9d3eacb90633e3586d0c5d164168a79fcb22779,true
game/assets/audio/sfx/bow.wav,177136,b07fb410bcd5ba82e93c059a0e0d0eb3305d823aa1f5aaa0d7c6da65b88d17e3,true
game/assets/audio/sfx/chest.wav,118336,75bc7febeb70fe15b76381b041455e2a3db33d8a369c15644ff4bd1617a20def,true
game/assets/audio/sfx/enemy_death.wav,529936,39c1af9d01934897e1ded5744e927912c0142727e73e74ac922011b867509ca3,true
game/assets/audio/sfx/enemy_hurt.wav,529936,04056abe06840df26e181cb80da8ac437f7d37535244e2f2226210a3619d0165,true
game/assets/audio/sfx/gate.mp3,22568,8a335e37100fcd24e28a05eb1572589e20191595128a188f4fe00279876dfce3,true
game/assets/audio/sfx/heal.wav,353536,dd1a0ee67e22ad94c07c2d2b1fed2d97815509429dade68764e296a1d155b4d3,true
game/assets/audio/sfx/player_death.wav,529936,083aefc6c6e23350121ee3a0d09774daea84cbece9182501e7d616334b6bf298,true
game/assets/audio/sfx/player_hurt.wav,353536,4303112fb78ff0acaedec5a90b21060851d4378f661430a379e9e6c5ba86de18,true
game/assets/audio/sfx/rally.wav,353536,9b07f79e40dacff2d31aaf88d5ef5bff467c52edcbaacc5f5891ef17308c0b61,true
game/assets/audio/sfx/supply.wav,118336,3ecc2155b8c12abbabbf33b18203de8cabadc30503a1eb509b8c40117c4392d2,true
game/assets/audio/sfx/sword.wav,177136,197286c065d27819e8448f9f93466228ceed298808b768849dabcfce3d23ecbe,true
game/assets/audio/sfx/sword_hit.wav,177136,b8a55776b70a60a1d4058cfb0528ba4897382acf7cd0e36b9a7d990d59762a95,true
game/assets/dungeon/chest.png,332,4c8ef8f968cf9df56bd8b911dd83d49cfdcc04072988307d92d7c4329af358ad,true
game/assets/dungeon/chest_open.png,345,c7f35f7e31f1c610b32802555d4ec5bfe5574fdebde9192ac1749b1d6602402f,true
game/assets/dungeon/coin.png,283,7e5956295c3b484f1d8dc3cc4d620538fe666bd23492a329e485c2a634df5989,false
game/assets/dungeon/door_key.png,268,b3315fdb2f896d73ef0d94031338fcb17bf88db7a9483096cc8e303aa027c8a2,false
game/assets/dungeon/items/chest/chest_1.png,332,4c8ef8f968cf9df56bd8b911dd83d49cfdcc04072988307d92d7c4329af358ad,true
game/assets/dungeon/items/chest/chest_2.png,339,98b27ab9c0f5bfc48087d7bbd3f91428e7a6ea3cf0b1c0857b0424e61a6c5b3e,true
game/assets/dungeon/items/chest/chest_3.png,339,87daa60c9f73305aee21d15425a0f839d3a5810db847e3f5bcfe2d8276dbf0fd,true
game/assets/dungeon/items/chest/chest_4.png,334,541278f2bdb89b9870e3afe05c00173e373d6eed767154c0328568995867025c,true
game/assets/dungeon/items/chest/chest_open_1.png,345,c7f35f7e31f1c610b32802555d4ec5bfe5574fdebde9192ac1749b1d6602402f,true
game/assets/dungeon/items/chest/chest_open_2.png,337,b90c2f60caf28cbebef137e0358144fa7742cb00f0b3d0f990f2842d7b5e942a,true
game/assets/dungeon/items/chest/chest_open_3.png,333,1bca175e573a8920dc820a0aa7693d65de7c776f589574361f2fc30a0e58830f,true
game/assets/dungeon/items/chest/chest_open_4.png,328,9f1bd64a5c1168573318530c41988d9672133173446be625d8cf34226e6f43e5,true
game/assets/dungeon/items/mini_chest/mini_chest_1.png,250,8d839f0c82758a99ba03e45814ae99ecb6882f67797ae9da4711fb5e6293fa00,true
game/assets/dungeon/items/mini_chest/mini_chest_2.png,252,193a83d08faceccea372b5baedb88985ed5d0ee62cce1b192023bfb0563309c2,true
game/assets/dungeon/items/mini_chest/mini_chest_3.png,250,5212453daf0c31174bcd707eff20f229f153ded94b2582ec940f8cf644f1fed2,true
game/assets/dungeon/items/mini_chest/mini_chest_4.png,253,5a516f0c1bcd19c0a3de62e5e80d5578a5528014cfc647d154c75e694c5f0d8e,true
game/assets/dungeon/items/mini_chest/mini_chest_open_1.png,252,193a83d08faceccea372b5baedb88985ed5d0ee62cce1b192023bfb0563309c2,true
game/assets/dungeon/items/mini_chest/mini_chest_open_2.png,253,a393ae8aa15d90912f523f524091be4f49a2909c8a420734e3c397728a7abfd4,true
game/assets/dungeon/items/mini_chest/mini_chest_open_3.png,287,beda8ca68e9a95b6ab6e580e1d9add60d3fb49afb9df2cc5b63270e2c0c55506,true
game/assets/dungeon/items/mini_chest/mini_chest_open_4.png,259,92baf500057dfdd4a36637ee35b51e3c613ab535513f528f203e11ed4189ea03,true
game/assets/dungeon/items/torch/torch_1.png,348,18e004c138bae4eaf94304dcb45d0633246d98c1c486679dd6abc67d3a298b24,true
game/assets/dungeon/items/torch/torch_2.png,343,5db76717d3e4baf80625c473de9a91b2a935dac2d2b5119b23be79da38e54820,true
game/assets/dungeon/items/torch/torch_3.png,354,b78197a896743f5361ad271a4cbc58fcdf78bd0691ba9a9d2c8375a388d03e95,true
game/assets/dungeon/items/torch/torch_4.png,352,011363570a0de8d802eb765bc59f963de49db773617c06ac604bee6e6ae1bf14,true
game/assets/dungeon/key.png,288,af89a597bdd91751da949fe891a71d19d6a44bcad3047a3fc934cc170deed1d9,true
game/assets/dungeon/monsters/armored_skeleton/skeleton2_v2_1.png,512,06ad1dfd57d5e7db51d2664f99218d1ef367e5d36f99dae106dbe3a4b4762e5d,false
game/assets/dungeon/monsters/armored_skeleton/skeleton2_v2_2.png,496,d4e446be2ab45ce23c66283c4abd33e7778d9eb14e652df33ff596d65dd8019a,false
game/assets/dungeon/monsters/armored_skeleton/skeleton2_v2_3.png,479,a95662ebfe3c5704348cf4ef2231b29de933a16a14bc2365a34d6dedba472ff7,false
game/assets/dungeon/monsters/armored_skeleton/skeleton2_v2_4.png,520,ccf7cb597a565d5c33e901c503196fb7ccf66d4dc004789959ea78d05ec1ca9a,false
game/assets/dungeon/monsters/skeleton/skeleton_v2_1.png,512,f2daec798ab154432ba23ba366e6ca690d1565ceacdce7f5ad2da0c9cfe56089,false
game/assets/dungeon/monsters/skeleton/skeleton_v2_2.png,514,233383462b097ae6410cb8000825bd578cf9624cbe61663cec49b8a169ab1ffa,false
game/assets/dungeon/monsters/skeleton/skeleton_v2_3.png,565,63c2f06f5e0de3f091d7805c15b3b8b8eb8d2509357a07df87392510d54b2b10,false
game/assets/dungeon/monsters/skeleton/skeleton_v2_4.png,569,33d9935536d3e7f60454e6bb3428a889d1f18d821d34c89c502c6e945d435b26,false
game/assets/dungeon/monsters/skull/skull_v2_1.png,409,01e0faab84c338bfe4a032e9c8b1c42cf72b801078c5a27e7ffc818d1e91e4cd,true
game/assets/dungeon/monsters/skull/skull_v2_2.png,386,65abf07e73118b7eab30d2c6dd69e814f938aaeaf991dc238e6e55e50cc908b3,true
game/assets/dungeon/monsters/skull/skull_v2_3.png,411,03404811350588740dada80b5603abb006e93a6d3b010d3986f7ed6c9774c7fd,true
game/assets/dungeon/monsters/skull/skull_v2_4.png,385,68154b1cf6d33f3da712aa1aa9016bca9d83ef4315c80dc8ac3770df9a017961,true
game/assets/dungeon/monsters/vampire/vampire_v2_1.png,437,e8078967f115f96780f454cab6f058d8f03d78205f5ee55f8fb11085f1b879ae,false
game/assets/dungeon/monsters/vampire/vampire_v2_2.png,455,67be3e29d2d5b5dcac2e2403e1f32b7f458f00ed1cc9e04c735974571005e3d0,false
game/assets/dungeon/monsters/vampire/vampire_v2_3.png,450,ceeaa24919bbb25ab0bcf89942e697a9403654b70302db47b24e0493905dfabd,false
game/assets/dungeon/monsters/vampire/vampire_v2_4.png,485,b45db0c1bcc63b471c5f6a810b042ac1bc6b654978bfe4e1ed8930befdf07cb5,false
game/assets/dungeon/potion.png,239,0765ce56baa31b4ff05bceb6f0ab1e4e5ed2ee908ab71aac852389d8e4bbaf34,true
game/assets/dungeon/spikes_active.png,163,b2552ae814b6a57588f29f9b4a7611d03de4720273b36c1a424a71f3ee759ee5,true
game/assets/dungeon/spikes_idle.png,239,fb533481b3f69266f93c3b9af5ff9f5e61503ce4b2cbb3bb9e5468d63bc1ab7f,true
game/assets/dungeon/tileset.png,6326,b0da342a01f0e67fb57c095e2199b5e8935a836d65bc9c1af87163c40ce16a74,true
game/assets/enemies/armored_skeleton_attack.png,2541,efc3db596b3669ad172c5c4f5de34670dc6f706d1151c321e1ea816cdbc813f7,true
game/assets/enemies/armored_skeleton_death.png,2590,9f6992451060ee0adc4a9143b4e72d6f73927c379d1bd20905b838cc5f4b5685,true
game/assets/enemies/armored_skeleton_hurt.png,1082,97c8b1983cd3067ccf28e00a973333a34c36de518749d5e059ff82d251883a22,true
game/assets/enemies/armored_skeleton_idle.png,857,e73d246d6c3e74fbcc1b4aa1a464455ce3eca03e7d417bdf5a5440a5fabc26df,true
game/assets/enemies/armored_skeleton_walk.png,1578,14749bacfb56b557b91c22cdcb5311c6c739492b5f966b7b11445ecbb8941875,true
game/assets/enemies/skeleton_attack.png,1822,fa4ce93c93b3d1f2ce67e67596a2f261fd380676ef7756069355805518b379b3,true
game/assets/enemies/skeleton_death.png,2463,4f5a8ff931afe412a9e015de48225b86a2a4ae22c7ab7dfbeca2ac47d1da8984,true
game/assets/enemies/skeleton_hurt.png,878,5c2003bc20eca1197c57ccc51ca9933e0df95655f7a48892b19a636281c95f46,true
game/assets/enemies/skeleton_idle.png,776,86b69df707986695d581f037e712668e700713b16ef2f51db10a06a7466035cb,true
game/assets/enemies/skeleton_walk.png,1356,11ad26aaeda377fdad64aa6127e575900fd01198a36dbda6fdb19020d4d85469,true
game/assets/enemies/slime_attack.png,1659,5f3bd3f99820110c6697b6ebb5a320d90c167881b63c0aa67fc918eb4b310ca1,true
game/assets/enemies/slime_death.png,1191,9a0b52de54180b12a289f2633513b936e29c24823ea7c8f7557c112d6bd7dda5,true
game/assets/enemies/slime_hurt.png,834,4f65466a03845b4c09ce1d02a76c794906511a3a020701aa64a6caec6804460d,true
game/assets/enemies/slime_idle.png,810,15ba5d21802d7de63f51416885348cf50252cd78d37829aa1da818c92f9f9d6f,true
game/assets/enemies/slime_walk.png,1163,044ae4c716d8a20295ad92fd11ac0f3d514c47134595c12a1de684aec2f1571c,true
game/assets/enemies/vampire_attack.png,4079,35ae1a86a146309466b8c97cf4e3d359ebc106ddb4b6d942c71495893571508c,true
game/assets/enemies/vampire_death.png,2103,f5e4659049b4889002f606f6b2bb900e3820390f4080501d2cc809ab975c9d9a,true
game/assets/enemies/vampire_hurt.png,1015,19f3407a264396bd4c99071324bf0d07cae1775bbed967e30e908efa668de07d,true
game/assets/enemies/vampire_idle.png,782,937d7d811d6a264e3a073fe06da1b2e459a534170e0bb915eb163c592388be3b,true
game/assets/enemies/vampire_walk.png,1337,d84afcd7da250d7f890a325970e145967168703bcb3bb6e45b2f5a7e75fc903d,true
game/assets/fonts/basic_chinese_line.ttf,22236,d3759a9e70e2cfe3a77458d54b0dd8c02ca51545cea28d92f7ec6a68aa099c31,false
game/assets/fonts/FUSION-LICENSE-OFL.txt,4418,bc518cf64b8032c07690f33cc270c35c179255a6ac8efa7c165ebae7e8f76a63,false
game/assets/fonts/fusion_pixel_12px_zh_hans.ttf,7040712,339f3c71531a6b3caae1023c68873eea45554e87571e8fac5c8954abe27fbff1,false
game/assets/fonts/fusion_pixel_8px_zh_hans.otf,2382008,0e70000f0ce6df06dd2efa157aae432d2182af038adfe38240daf0181b0280de,false
game/assets/fonts/licenses/fusion/LICENSES/boutique-bitmap-7x7/OFL.txt,5463,ad588b5ce58a02179b806381339fd380e5110771f2fa91279af026fd3ab97002,false
game/assets/fonts/licenses/fusion/LICENSES/galmuri/LICENSE.txt,4360,86a3ee9495f942f0243f18c103da9faca27adb88142613edb8bb852e56c892c1,false
game/assets/fonts/licenses/fusion/LICENSES/misaki/misaki.txt,9016,82929cc3b34c79b6a67f21fe137c7bb165589c9e34ba1441611e493afd67dfca,false
game/assets/fonts/licenses/fusion/LICENSES/miseki-bitmap/LICENSE.txt,4358,e855b45b384d37c9a778119271bd9c32706e3f1f9f278de0ad47347606eea846,false
game/assets/fonts/licenses/fusion/OFL.txt,4418,bc518cf64b8032c07690f33cc270c35c179255a6ac8efa7c165ebae7e8f76a63,false
game/assets/fonts/licenses/fusion-local-12px/LICENSES/ark-pixel/OFL.txt,4412,3ab41567e68e3988ba1ef16dd2644eca95ca5648ea12e7d46e6287fc0bbe5aee,false
game/assets/fonts/licenses/fusion-local-12px/LICENSES/cubic-11/OFL.txt,5364,2b6e5938e5cffa0b9e183bd05f8c363e174e7ebed1a0556e2855fd1707fa2188,false
game/assets/fonts/licenses/fusion-local-12px/LICENSES/galmuri/LICENSE.txt,4360,86a3ee9495f942f0243f18c103da9faca27adb88142613edb8bb852e56c892c1,false
game/assets/fonts/licenses/fusion-local-12px/OFL.txt,4418,bc518cf64b8032c07690f33cc270c35c179255a6ac8efa7c165ebae7e8f76a63,false
game/assets/fonts/optimized/fortress_pixel_12px_zh_hans.ttf,71992,5249e34f045642ff9a1b57148a35bad3528c952a84ff2d066b8d7cac2801575b,true
game/assets/fonts/rockbox_cond12.ttf,11212,2b6cf181906b5cc5a024b55cd25807635f2d9095dd03bd227098c720692a166c,false
game/assets/fonts/tiny_unicode.ttf,23136,66bbe386aabba86cf24d29aa8913d8202699cc76192e85bad4bd76f9a5d1d73b,false
game/assets/fx/arrow_hit.png,21521,0f7959f9e424e4fc37c35a39176ce6ddf08259155ce0745de3e66defc314524d,true
game/assets/fx/burst.png,116726,1b2ba7efd944fe8fb5617b7a120afd4f529fb6b9e6348d4a6d4f4732fe29465b,true
game/assets/fx/heal.png,202942,3108a73c7f0cb8c6226f95ba248063ea08cc6cad9196030758c06c87a14277f6,true
game/assets/fx/hit.png,33558,a9d236dff52c9a121e9952b758789031a9f1cb4408e272e26b5afb19b2f0c4bc,true
game/assets/fx/skull_bolt.png,34802,3df44391e7cb7e51ff74773e328c3e701443c711196f8ff20bddd69981f376bf,true
game/assets/fx/skull_cast.png,68024,deebd66afd884e0be944aa3fd53786d00d676aed8c21f3cbeb6e6c230de867c0,true
game/assets/fx/skull_impact.png,38887,d901ff89d47a8908bda6200a39c9d6ed457238e8ecc37e8afe53449e4443da1e,true
game/assets/icons/bag.png,190,8c07c274ef6f4a3a6103c5b5dc1a5d5731d3754a8cd8a25dad880ada22d8ad08,true
game/assets/icons/bell.png,148,cc9ddad1a10feb71b58886d54c27f7f65b25792c8a75b4e2956a7a0d70c9fe90,true
game/assets/icons/chest.png,171,bfc1f74ef2c0831d9360666d341c83f8155db4dc540372d28cf9ee43911392d5,false
game/assets/icons/coin.png,171,9801557ba43d134a4d7ce75288ceff44b05263dd536cf533d02085b8759d0226,true
game/assets/icons/game_icon.png,193,9e27024d1cfe99b46a5d61a3b7599c3960f3a02d7573f7eeaae7db033fbb12d0,true
game/assets/icons/hammer.png,163,3b60704d0bbf43741717c530048193bc580a02a2ca86de6ee952212f15868e45,false
game/assets/icons/heart.png,229,9ba68f353e3904d4cb33cf634c7fa9476d0c223aaad0f87758bc6a4fc819808a,true
game/assets/icons/key.png,165,47f097a0740add3494610e6e7ddac68006d6bcadeb4e908d2cf4f7283089e204,true
game/assets/icons/shield.png,179,9717178fdfb37c37a5a9ae14f62c51ce60a0fc3aca680a79a0c33efd03316e80,true
game/assets/icons/sound.png,187,8fe1d4c1701d72e74a3b48748ce4b29f463767dd8a3cd8428282679c069f4f39,true
game/assets/icons/sword.png,176,04fca022d48df6fe97a3b67ecf6aa9465e3f97f3921c7b89f38874628a9992f6,false
game/assets/icons/tower.png,180,53800215d5da769daa704f44851fcec0e53bc07d36ad5d6274c872da3769f0e0,true
game/assets/icons/tree.png,160,fc5efd6003857695de88d9445587b26ae059b4fd9a4ab018e44efe573d89afa9,false
game/assets/licenses/FreeCharactersAnimationsAssetPack-License.txt,193,fe17ba9f2e13877d0bbefb9274cc4a32bd1deff647df10ca64e1e8dc8e1178e3,false
game/assets/medieval_ui/sheet.png,15473,071eac7db1b496b1a4846d54d3a84203e7a014ca55b74eb1a1d5d9a79b641d47,false
game/assets/pixel_ui/sheet_00.png,13075,d0af90e0c7620487d566cdcd490969c3a374ecf73776fe7e644bda689dbf3729,false
game/assets/pixel_ui/sheet_06.png,4735,6110be88cacd03d9c89baa66aeaa9298a1d8be301c2d95bcb84930b31f54c588,false
game/assets/pixel_ui/sheet_07.png,3846,1d67134fa24e7dfc0a0874142814f55dbce108cdf41345a0ca4c203d0c80bccb,false
game/assets/tiny_rpg/arrow.png,260,e87d9c62230b082dda32e9aca4e822f60816900f45318da297a9f5dc04d78b9a,true
game/assets/tiny_rpg/orc_attack.png,2379,642bd0df611abf91dda5adf2f6061a2d8decc7997f8277d681af6693b6a0f9a7,true
game/assets/tiny_rpg/orc_death.png,1952,cf376c07465cd284a838ed0abc977823faa92e0aa4f9db0461e33b11143cc13f,true
game/assets/tiny_rpg/orc_hurt.png,2103,9870c61b29eb6594b20b184b3332a6be8c3fdceb002fe5fd2b158b9b054d7eef,true
game/assets/tiny_rpg/orc_idle.png,1522,430b6a97ca4cfa80998d53422f3e942cd50ca906335c350e5615651f35c7aef4,true
game/assets/tiny_rpg/orc_walk.png,2007,6d892ffd6e8fccea65480f89e29ef145faaa05cc742534717023237093f500d7,true
game/assets/tiny_rpg/soldier_attack.png,1978,907f5bd89b18492e7051ff3b1014a687fb8ffa501ac4486a24a1f58d198b4b20,true
game/assets/tiny_rpg/soldier_bow.png,2555,bc6dbffbc74809c6cf1d86184d84485f64a4f9835d5fae307500ec22c3312280,true
game/assets/tiny_rpg/soldier_death.png,1673,2968064e9692c43f7e4941a0106e5b370471f0e9beaedc5c40631d9daeb4c84e,true
game/assets/tiny_rpg/soldier_hurt.png,1840,aaa0768cc7da2ce1fed3afd02ef7d8c9b2efeb4bdf797723f51c088bf729f1a6,true
game/assets/tiny_rpg/soldier_idle.png,1452,572776014e1b348e8386ce587855c53e3ebd84b8fbe9041f680a917a9d3b955a,true
game/assets/tiny_rpg/soldier_walk.png,1860,47ad61833e22238123b591b11d985e08858bfb5098348adee496fecb41e54954,true
game/assets/tiny_swords/archer.png,64044,0a2e1efff6d653d32777b99ca01f9018fbf27080f2aff645f0fafde175e8b7ec,false
game/assets/tiny_swords/arrow.png,447,ba35a379a56693fe997a30d7ed6a49add03f10876d98abf5a89889f08ba9af74,false
game/assets/tiny_swords/banner.png,4674,426d431ca15f5885a8aec7b64f99c42e6950e0608a64d9aa0e64b9a9ac0a17e9,false
game/assets/tiny_swords/button_blue.png,3048,59ef888dc5094f206615916ba4ff15a42dc43fc2d1d50cc9c820fc6390e72ecc,false
game/assets/tiny_swords/button_blue_pressed.png,2522,f9f08dc6e0900c80c6096291224a375ed6246e5b4f615e9d404cba9eebe3e38c,false
game/assets/tiny_swords/button_disable.png,2578,8060425562fde2d68062191712b811896f86e91087e12e9d083cf08ea39f2cb8,false
game/assets/tiny_swords/button_hover.png,3070,07a704762d6aba5675f1d9e6a313bec61040ac15182c17fbc56ad7137c0d5fd8,false
game/assets/tiny_swords/button_red.png,3077,ca73dcb672fb10a461c2f466722fcccb9f5fa8e937be39ac8527d4402ff8dfef,false
game/assets/tiny_swords/button_red_pressed.png,2487,762f7fbd255ce3e40eacae8856c881075482a00f963a88d531f012756066340a,false
game/assets/tiny_swords/castle.png,15018,616cfeec6287ede0b368a14332afc9ac34462dee5bb3f5a8f7595464c8b2ca53,true
game/assets/tiny_swords/castle_destroyed.png,11343,bdfb6452c3e16bd22ad4d36d8808063f124dadb8c00c84376e425d6f62f0027e,false
game/assets/tiny_swords/dynamite.png,1545,5cfc3d6fa12655cd05a2562065993eb5c7ce85c685589490eab92faee189a5b5,false
game/assets/tiny_swords/explosions.png,12547,fa3bcfbf05c3c1cef0e5f06976e2431c24c4ad05cdd71d7242e0b436f4e5ec8e,true
game/assets/tiny_swords/gold.png,1179,ee9a2018e179b95839105d0b6d39725f22ae57e28d73532421fb1994c4b4de78,false
game/assets/tiny_swords/panel.png,4886,4792041b526cbf8824959b56ff2b820dafbfb7fc6423415b1d035599608f8e3d,false
game/assets/tiny_swords/tilemap_flat.png,28783,683b4ebc6dff10d2bf6e2bd34c24d732defdc65abcb0f5b9f509655aff8bec56,true
game/assets/tiny_swords/tnt.png,30377,fcf80953138170e9ea3ea9b93e6007869c7f1dd05ee51034429d92c54e0b0f66,false
game/assets/tiny_swords/torch.png,57994,0612b50e25f5b5fe97600693ceca88be5244a54049cce9eb5f7a8ded437f00a6,false
game/assets/tiny_swords/tower.png,6546,2d39450c366fc1ebc0e5a290a860dcf21ebd7d4a22d16eb5cca23e6d4de94ca9,false
game/assets/tiny_swords/tree.png,21934,63a1ae03991621528eab44d0840a75a923583a7bbb999311de27799ab21b4d3e,true
game/assets/tiny_swords/wood.png,775,23738d5fe80f20eb8320fa00925193d747067b537106289ac024d09c73b71999,false
game/assets/tiny_swords/wood_tower.png,12043,c22c288b5bb4f43eeb3054389642dda0d5a7c7bde0f79f15b0ea94282b3818a8,true
game/assets/tiny_swords/worker.png,31565,38c47fc4766fa1fad73c188e5c6a1f2d2257aebc9dfdd5b37f1c8dad913e8cfe,false
game/assets/tiny_swords_ui/button.png,3048,59ef888dc5094f206615916ba4ff15a42dc43fc2d1d50cc9c820fc6390e72ecc,true
game/assets/tiny_swords_ui/button_disabled.png,2578,8060425562fde2d68062191712b811896f86e91087e12e9d083cf08ea39f2cb8,true
game/assets/tiny_swords_ui/button_hover.png,3070,07a704762d6aba5675f1d9e6a313bec61040ac15182c17fbc56ad7137c0d5fd8,true
game/assets/tiny_swords_ui/button_pressed.png,2522,f9f08dc6e0900c80c6096291224a375ed6246e5b4f615e9d404cba9eebe3e38c,true
game/assets/tiny_swords_ui/panel.png,4886,4792041b526cbf8824959b56ff2b820dafbfb7fc6423415b1d035599608f8e3d,true
